album,file,genre,native_sr,hf_edge
Gorillaz-The_Mountain-DELUXE_EDITION-2CD-FLAC-2026-FATHEAD,102-gorillaz-the_moon_cave.flac,Alt,44100,19121
Gorillaz-The_Mountain-DELUXE_EDITION-2CD-FLAC-2026-FATHEAD,103-gorillaz-the_happy_dictator.flac,Alt,44100,20284
Gorillaz-The_Mountain-DELUXE_EDITION-2CD-FLAC-2026-FATHEAD,105-gorillaz-orange_county.flac,Alt,44100,18303
Gorillaz-The_Mountain-DELUXE_EDITION-2CD-FLAC-2026-FATHEAD,106-gorillaz-the_god_of_lying.flac,Alt,44100,17937
Gorillaz-The_Mountain-DELUXE_EDITION-2CD-FLAC-2026-FATHEAD,107-gorillaz-the_empty_dream_machine.flac,Alt,44100,18723
Gorillaz-The_Mountain-DELUXE_EDITION-2CD-FLAC-2026-FATHEAD,108-gorillaz-the_manifesto.flac,Alt,44100,19369
Gorillaz-The_Mountain-DELUXE_EDITION-2CD-FLAC-2026-FATHEAD,109-gorillaz-the_plastic_guru.flac,Alt,44100,18690
Gorillaz-The_Mountain-DELUXE_EDITION-2CD-FLAC-2026-FATHEAD,110-gorillaz-delirium.flac,Alt,44100,18066
Gorillaz-The_Mountain-DELUXE_EDITION-2CD-FLAC-2026-FATHEAD,112-gorillaz-the_shadowy_light.flac,Alt,44100,18949
Gorillaz-The_Mountain-DELUXE_EDITION-2CD-FLAC-2026-FATHEAD,113-gorillaz-casablanca.flac,Alt,44100,17915
Gorillaz-The_Mountain-DELUXE_EDITION-2CD-FLAC-2026-FATHEAD,114-gorillaz-the_sweet_prince.flac,Alt,44100,19196
Gorillaz-The_Mountain-DELUXE_EDITION-2CD-FLAC-2026-FATHEAD,115-gorillaz-the_sad_god.flac,Alt,44100,18830
Gorillaz-The_Mountain-DELUXE_EDITION-2CD-FLAC-2026-FATHEAD,201-gorillaz-bolly_noir.flac,Alt,44100,20251
Gorillaz-The_Mountain-DELUXE_EDITION-2CD-FLAC-2026-FATHEAD,202-gorillaz-noahs_descendants.flac,Alt,44100,19950
Gorillaz-The_Mountain-DELUXE_EDITION-2CD-FLAC-2026-FATHEAD,203-gorillaz-the_mountain.flac,Alt,44100,15654
Gorillaz-The_Mountain-DELUXE_EDITION-2CD-FLAC-2026-FATHEAD,204-gorillaz-meri_sapno_ki_rani.flac,Alt,44100,16117
Billy Strings - 2021 - Renewal (FLAC),01 - Know It All.flac,Bluegrass,44100,16817
Billy Strings - 2021 - Renewal (FLAC),02 - Secrets.flac,Bluegrass,44100,16860
Billy Strings - 2021 - Renewal (FLAC),03 - Love And Regret.flac,Bluegrass,44100,17280
Billy Strings - 2021 - Renewal (FLAC),04 - Heartbeat Of America.flac,Bluegrass,44100,16731
Billy Strings - 2021 - Renewal (FLAC),05 - In The Morning Light.flac,Bluegrass,44100,16935
Billy Strings - 2021 - Renewal (FLAC),06 - This Old World.flac,Bluegrass,44100,17269
Billy Strings - 2021 - Renewal (FLAC),07 - Show Me The Door.flac,Bluegrass,44100,16192
Billy Strings - 2021 - Renewal (FLAC),08 - Hellbender.flac,Bluegrass,44100,17291
Billy Strings - 2021 - Renewal (FLAC),09 - Red Daisy.flac,Bluegrass,44100,16559
Billy Strings - 2021 - Renewal (FLAC),10 - The Fire On My Tongue.flac,Bluegrass,44100,16849
Billy Strings - 2021 - Renewal (FLAC),11 - Nothing's Working.flac,Bluegrass,44100,16289
Billy Strings - 2021 - Renewal (FLAC),12 - Hide And Seek.flac,Bluegrass,44100,16978
Billy Strings - 2021 - Renewal (FLAC),13 - Ice Bridges.flac,Bluegrass,44100,16053
Billy Strings - 2021 - Renewal (FLAC),14 - Fire Line.flac,Bluegrass,44100,16268
Billy Strings - 2021 - Renewal (FLAC),15 - Running The Route.flac,Bluegrass,44100,16225
Billy Strings - 2021 - Renewal (FLAC),16 - Leaders.flac,Bluegrass,44100,16688
"Eiji Oue, Minnesota Orchestra - 2001 - Rachmaninoff Symphonic Dances",01 Symphonic Dances - Non Allegro.flac,Classical,96000,42234
"Eiji Oue, Minnesota Orchestra - 2001 - Rachmaninoff Symphonic Dances",02 Andante Con Moto.flac,Classical,96000,42234
"Eiji Oue, Minnesota Orchestra - 2001 - Rachmaninoff Symphonic Dances",03 Lento Assai.flac,Classical,96000,42234
"Eiji Oue, Minnesota Orchestra - 2001 - Rachmaninoff Symphonic Dances",04 Vocalise.flac,Classical,96000,42234
"Eiji Oue, Minnesota Orchestra - 2001 - Rachmaninoff Symphonic Dances",05 Etudes-Tableaux - The Sea And The Seagulls.flac,Classical,96000,42234
"Eiji Oue, Minnesota Orchestra - 2001 - Rachmaninoff Symphonic Dances",06 The Fair.flac,Classical,96000,42234
"Eiji Oue, Minnesota Orchestra - 2001 - Rachmaninoff Symphonic Dances",07 Funeral March.flac,Classical,96000,42234
"Eiji Oue, Minnesota Orchestra - 2001 - Rachmaninoff Symphonic Dances",08 Little Red Riding Hood And The Wolf.flac,Classical,96000,42234
"Eiji Oue, Minnesota Orchestra - 2001 - Rachmaninoff Symphonic Dances",09 March.flac,Classical,96000,42234
Skrillex-SOMA-24BIT-WEBFLAC-2026-GARLICKNOTS,01-skrillex_x_nitepunk-soma-c4fa2e.flac,EDM,48000,17039
Skrillex-SOMA-24BIT-WEBFLAC-2026-GARLICKNOTS,02-skrillex_x_randomer_x_blawan_x_mc_dricka-thistle-8b4da6.flac,EDM,44100,17894
Skrillex-SOMA-24BIT-WEBFLAC-2026-GARLICKNOTS,03-skrillex_x_tracey_x_taichu_x_anita_b_queen-tranki-2094f1.flac,EDM,48000,21070
Skrillex-SOMA-24BIT-WEBFLAC-2026-GARLICKNOTS,04-skrillex_x_isoxo_x_cristale_x_teezandos-smoke-7ba05c.flac,EDM,48000,20718
Skrillex-SOMA-24BIT-WEBFLAC-2026-GARLICKNOTS,05-skrillex_x_feid-noche_without_you-b0650e.flac,EDM,48000,19476
Skrillex-SOMA-24BIT-WEBFLAC-2026-GARLICKNOTS,06-skrillex_x_rom-scut_2-44ed4d.flac,EDM,48000,20484
Skrillex-SOMA-24BIT-WEBFLAC-2026-GARLICKNOTS,08-skrillex_x_dismantle_x_mc_dricka-pente_rala-a3242d.flac,EDM,48000,17156
Skrillex-SOMA-24BIT-WEBFLAC-2026-GARLICKNOTS,09-skrillex_x_chris_lake_x_rhr-e_o_bonde-ed039e.flac,EDM,48000,20121
Skrillex-SOMA-24BIT-WEBFLAC-2026-GARLICKNOTS,10-skrillex_x_chris_lake_x_anita_b_queen-la_noche_2-b8ca0e.flac,EDM,48000,19593
Skrillex-SOMA-24BIT-WEBFLAC-2026-GARLICKNOTS,11-skrillex_x_isoxo-anybody-389ed9.flac,EDM,48000,20378
Skrillex-SOMA-24BIT-WEBFLAC-2026-GARLICKNOTS,12-skrillex_x_young_miko-duro-53caba.flac,EDM,48000,17789
Skrillex-SOMA-24BIT-WEBFLAC-2026-GARLICKNOTS,13-skrillex_x_naisha_x_beam-diwali-7dfb96.flac,EDM,48000,22078
Daft Punk - 2013 - Random Access Memories (10th Anniversary Edition) (24bit-88.2kHz)/Disc 1,01 Give Life Back to Music.flac,Electronic,88200,39534
Daft Punk - 2013 - Random Access Memories (10th Anniversary Edition) (24bit-88.2kHz)/Disc 1,02 The Game of Love.flac,Electronic,88200,39728
Daft Punk - 2013 - Random Access Memories (10th Anniversary Edition) (24bit-88.2kHz)/Disc 1,03 Giorgio by Moroder.flac,Electronic,88200,38781
Daft Punk - 2013 - Random Access Memories (10th Anniversary Edition) (24bit-88.2kHz)/Disc 1,04 Within.flac,Electronic,88200,38996
Daft Punk - 2013 - Random Access Memories (10th Anniversary Edition) (24bit-88.2kHz)/Disc 1,05 Instant Crush (feat. Julian Casablancas).flac,Electronic,88200,38781
Daft Punk - 2013 - Random Access Memories (10th Anniversary Edition) (24bit-88.2kHz)/Disc 1,06 Lose Yourself to Dance (feat. Pharrell Williams).flac,Electronic,88200,38910
Daft Punk - 2013 - Random Access Memories (10th Anniversary Edition) (24bit-88.2kHz)/Disc 1,07 Touch (feat. Paul Williams).flac,Electronic,88200,38953
Daft Punk - 2013 - Random Access Memories (10th Anniversary Edition) (24bit-88.2kHz)/Disc 1,08 Get Lucky (feat. Pharrell Williams and Nile Rodgers).flac,Electronic,88200,38910
Daft Punk - 2013 - Random Access Memories (10th Anniversary Edition) (24bit-88.2kHz)/Disc 1,09 Beyond.flac,Electronic,88200,39642
Daft Punk - 2013 - Random Access Memories (10th Anniversary Edition) (24bit-88.2kHz)/Disc 1,10 Motherboard.flac,Electronic,88200,40719
Daft Punk - 2013 - Random Access Memories (10th Anniversary Edition) (24bit-88.2kHz)/Disc 1,11 Fragments of Time (feat. Todd Edwards).flac,Electronic,88200,39018
Daft Punk - 2013 - Random Access Memories (10th Anniversary Edition) (24bit-88.2kHz)/Disc 1,12 Doin' it Right (feat. Panda Bear).flac,Electronic,88200,38888
Daft Punk - 2013 - Random Access Memories (10th Anniversary Edition) (24bit-88.2kHz)/Disc 1,13 Contact.flac,Electronic,88200,38996
Daft Punk - 2013 - Random Access Memories (10th Anniversary Edition) (24bit-88.2kHz)/Disc 2,01 Horizon Ouverture.flac,Electronic,88200,35228
Daft Punk - 2013 - Random Access Memories (10th Anniversary Edition) (24bit-88.2kHz)/Disc 2,02 Horizon (Japan CD).flac,Electronic,88200,38975
Daft Punk - 2013 - Random Access Memories (10th Anniversary Edition) (24bit-88.2kHz)/Disc 2,03 GLBTM (Studio Outtakes).flac,Electronic,88200,37984
Daft Punk - 2013 - Random Access Memories (10th Anniversary Edition) (24bit-88.2kHz)/Disc 2,04 Infinity Repeating (2013 Demo) [feat. Julian Casablancas+The Voidz].flac,Electronic,44100,18561
Daft Punk - 2013 - Random Access Memories (10th Anniversary Edition) (24bit-88.2kHz)/Disc 2,05 GL (Early Take) [feat. Pharrell Williams and Nile Rodgers].flac,Electronic,88200,29048
Daft Punk - 2013 - Random Access Memories (10th Anniversary Edition) (24bit-88.2kHz)/Disc 2,06 Prime (2012 Unfinished).flac,Electronic,88200,35400
Daft Punk - 2013 - Random Access Memories (10th Anniversary Edition) (24bit-88.2kHz)/Disc 2,07 LYTD (Vocoder Tests) [feat. Pharrell Williams].flac,Electronic,88200,35357
Daft Punk - 2013 - Random Access Memories (10th Anniversary Edition) (24bit-88.2kHz)/Disc 2,08 The Writing of Fragments of Time (feat. Todd Edwards).flac,Electronic,88200,38888
Daft Punk - 2013 - Random Access Memories (10th Anniversary Edition) (24bit-88.2kHz)/Disc 2,09 Touch (2021 Epilogue) [feat. Paul Williams].flac,Electronic,88200,44100
Daft Punk - Discography 1996-2007-IPT/01 - Albums/1997 - Homework,01 - Daftendirekt.flac,Electronic,44100,20155
Daft Punk - Discography 1996-2007-IPT/01 - Albums/1997 - Homework,02 - Wdpk 83.7 fm.flac,Electronic,44100,22050
Daft Punk - Discography 1996-2007-IPT/01 - Albums/1997 - Homework,03 - Revolution 909.flac,Electronic,44100,20348
Daft Punk - Discography 1996-2007-IPT/01 - Albums/1997 - Homework,04 - Da Funk.flac,Electronic,44100,18938
Daft Punk - Discography 1996-2007-IPT/01 - Albums/1997 - Homework,05 - Phoenix.flac,Electronic,44100,20413
Daft Punk - Discography 1996-2007-IPT/01 - Albums/1997 - Homework,06 - Fresh.flac,Electronic,44100,19099
Daft Punk - Discography 1996-2007-IPT/01 - Albums/1997 - Homework,07 - Around The World.flac,Electronic,44100,19530
Daft Punk - Discography 1996-2007-IPT/01 - Albums/1997 - Homework,08 - Rollin' & Scratchin'.flac,Electronic,44100,21059
Daft Punk - Discography 1996-2007-IPT/01 - Albums/1997 - Homework,09 - Teachers.flac,Electronic,44100,20973
Daft Punk - Discography 1996-2007-IPT/01 - Albums/1997 - Homework,10 - High Fidelity.flac,Electronic,44100,17463
Daft Punk - Discography 1996-2007-IPT/01 - Albums/1997 - Homework,11 - Rock'n Roll.flac,Electronic,44100,21414
Daft Punk - Discography 1996-2007-IPT/01 - Albums/1997 - Homework,12 - Oh Yeah.flac,Electronic,44100,14276
Daft Punk - Discography 1996-2007-IPT/01 - Albums/1997 - Homework,13 - Burnin'.flac,Electronic,44100,18400
Daft Punk - Discography 1996-2007-IPT/01 - Albums/1997 - Homework,14 - Indo Silver Club.flac,Electronic,44100,18518
Daft Punk - Discography 1996-2007-IPT/01 - Albums/1997 - Homework,15 - Alive.flac,Electronic,44100,17614
Daft Punk - Discography 1996-2007-IPT/01 - Albums/1997 - Homework,16 - Funk Ad.flac,Electronic,44100,18841
Daft Punk - Discography 1996-2007-IPT/01 - Albums/2001 - Discovery,01 - One More Time.flac,Electronic,44100,18755
Daft Punk - Discography 1996-2007-IPT/01 - Albums/2001 - Discovery,02 - Aerodynamic.flac,Electronic,44100,18916
Daft Punk - Discography 1996-2007-IPT/01 - Albums/2001 - Discovery,03 - Digital Love.flac,Electronic,44100,19046
Daft Punk - Discography 1996-2007-IPT/01 - Albums/2001 - Discovery,"04 - Harder, Better, Faster, Stronger.flac",Electronic,44100,18378
Daft Punk - Discography 1996-2007-IPT/01 - Albums/2001 - Discovery,05 - Crescendolls.flac,Electronic,44100,18141
Daft Punk - Discography 1996-2007-IPT/01 - Albums/2001 - Discovery,06 - Nightvision.flac,Electronic,44100,14825
Daft Punk - Discography 1996-2007-IPT/01 - Albums/2001 - Discovery,07 - Superheroes.flac,Electronic,44100,18152
Daft Punk - Discography 1996-2007-IPT/01 - Albums/2001 - Discovery,08 - High Life.flac,Electronic,44100,13469
Daft Punk - Discography 1996-2007-IPT/01 - Albums/2001 - Discovery,09 - Something About Us.flac,Electronic,44100,19336
Daft Punk - Discography 1996-2007-IPT/01 - Albums/2001 - Discovery,10 - Voyager.flac,Electronic,44100,19186
Daft Punk - Discography 1996-2007-IPT/01 - Albums/2001 - Discovery,12 - Short Circuit.flac,Electronic,44100,19078
Daft Punk - Discography 1996-2007-IPT/01 - Albums/2001 - Discovery,13 - Face to Face.flac,Electronic,44100,14158
Daft Punk - Discography 1996-2007-IPT/01 - Albums/2001 - Discovery,14 - Too Long.flac,Electronic,44100,22050
Jean-Michel_Jarre-Oxygene_Trilogy-(88985361862)-REMASTERED-3CD-FLAC-2016-WRE,101-jean-michel_jarre-oxygene_(part_1).flac,Electronic,44100,11918
Jean-Michel_Jarre-Oxygene_Trilogy-(88985361862)-REMASTERED-3CD-FLAC-2016-WRE,102-jean-michel_jarre-oxygene_(part_2).flac,Electronic,44100,19713
Jean-Michel_Jarre-Oxygene_Trilogy-(88985361862)-REMASTERED-3CD-FLAC-2016-WRE,103-jean-michel_jarre-oxygene_(part_3).flac,Electronic,44100,17678
Jean-Michel_Jarre-Oxygene_Trilogy-(88985361862)-REMASTERED-3CD-FLAC-2016-WRE,104-jean-michel_jarre-oxygene_(part_4).flac,Electronic,44100,18357
Jean-Michel_Jarre-Oxygene_Trilogy-(88985361862)-REMASTERED-3CD-FLAC-2016-WRE,105-jean-michel_jarre-oxygene_(part_5).flac,Electronic,44100,12015
Jean-Michel_Jarre-Oxygene_Trilogy-(88985361862)-REMASTERED-3CD-FLAC-2016-WRE,106-jean-michel_jarre-oxygene_(part_6).flac,Electronic,44100,18324
Jean-Michel_Jarre-Oxygene_Trilogy-(88985361862)-REMASTERED-3CD-FLAC-2016-WRE,201-jean-michel_jarre-oxygene_(part_7).flac,Electronic,44100,19681
Jean-Michel_Jarre-Oxygene_Trilogy-(88985361862)-REMASTERED-3CD-FLAC-2016-WRE,202-jean-michel_jarre-oxygene_(part_8).flac,Electronic,44100,18744
Jean-Michel_Jarre-Oxygene_Trilogy-(88985361862)-REMASTERED-3CD-FLAC-2016-WRE,204-jean-michel_jarre-oxygene_(part_10).flac,Electronic,44100,19982
Jean-Michel_Jarre-Oxygene_Trilogy-(88985361862)-REMASTERED-3CD-FLAC-2016-WRE,205-jean-michel_jarre-oxygene_(part_11).flac,Electronic,44100,19132
Jean-Michel_Jarre-Oxygene_Trilogy-(88985361862)-REMASTERED-3CD-FLAC-2016-WRE,206-jean-michel_jarre-oxygene_(part_12).flac,Electronic,44100,19896
Jean-Michel_Jarre-Oxygene_Trilogy-(88985361862)-REMASTERED-3CD-FLAC-2016-WRE,207-jean-michel_jarre-oxygene_(part_13).flac,Electronic,44100,19272
Jean-Michel_Jarre-Oxygene_Trilogy-(88985361862)-REMASTERED-3CD-FLAC-2016-WRE,302-jean-michel_jarre-oxygene_(part_15).flac,Electronic,44100,18626
Jean-Michel_Jarre-Oxygene_Trilogy-(88985361862)-REMASTERED-3CD-FLAC-2016-WRE,303-jean-michel_jarre-oxygene_(part_16).flac,Electronic,44100,17926
Jean-Michel_Jarre-Oxygene_Trilogy-(88985361862)-REMASTERED-3CD-FLAC-2016-WRE,304-jean-michel_jarre-oxygene_(part_17).flac,Electronic,44100,19552
Jean-Michel_Jarre-Oxygene_Trilogy-(88985361862)-REMASTERED-3CD-FLAC-2016-WRE,306-jean-michel_jarre-oxygene_(part_19).flac,Electronic,44100,18518
Jean-Michel_Jarre-Oxygene_Trilogy-(88985361862)-REMASTERED-3CD-FLAC-2016-WRE,307-jean-michel_jarre-oxygene_(part_20).flac,Electronic,44100,17441
Jon_Hopkins-Immunity-Remastered-2CD-FLAC-2023-PERFECT,101-jon_hopkins-we_disappear.flac,Electronic,44100,17732
Jon_Hopkins-Immunity-Remastered-2CD-FLAC-2023-PERFECT,102-jon_hopkins-open_eye_signal.flac,Electronic,44100,18217
Jon_Hopkins-Immunity-Remastered-2CD-FLAC-2023-PERFECT,103-jon_hopkins-breathe_this_air.flac,Electronic,44100,18863
Jon_Hopkins-Immunity-Remastered-2CD-FLAC-2023-PERFECT,104-jon_hopkins-collider.flac,Electronic,44100,18863
Jon_Hopkins-Immunity-Remastered-2CD-FLAC-2023-PERFECT,105-jon_hopkins-abandon_window.flac,Electronic,44100,16246
Jon_Hopkins-Immunity-Remastered-2CD-FLAC-2023-PERFECT,106-jon_hopkins-form_by_firelight.flac,Electronic,44100,15751
Jon_Hopkins-Immunity-Remastered-2CD-FLAC-2023-PERFECT,107-jon_hopkins-sun_harmonics.flac,Electronic,44100,19196
Jon_Hopkins-Immunity-Remastered-2CD-FLAC-2023-PERFECT,108-jon_hopkins-immunity.flac,Electronic,44100,15697
Jon_Hopkins-Immunity-Remastered-2CD-FLAC-2023-PERFECT,201-jon_hopkins-immunity_(asleep_version).flac,Electronic,44100,16645
Jon_Hopkins-Immunity-Remastered-2CD-FLAC-2023-PERFECT,203-jon_hopkins-breathe_this_air_(asleep_version).flac,Electronic,44100,17248
Jon_Hopkins-Immunity-Remastered-2CD-FLAC-2023-PERFECT,205-jon_hopkins-abandon_window_(moderat_remix).flac,Electronic,44100,19455
Jon_Hopkins-Immunity-Remastered-2CD-FLAC-2023-PERFECT,206-jon_hopkins-breathe_this_air_(feat_purity_ring).flac,Electronic,44100,15956
Jon_Hopkins-Immunity-Remastered-2CD-FLAC-2023-PERFECT,207-jon_hopkins-we_disappear_(feat_lulu_james).flac,Electronic,44100,17301
Jon_Hopkins-Immunity-Remastered-2CD-FLAC-2023-PERFECT,208-jon_hopkins-open_eye_signal_(george_fitzgerald_remix).flac,Electronic,44100,19487
Jon_Hopkins-Immunity-Remastered-2CD-FLAC-2023-PERFECT,209-jon_hopkins-collider_(pangaea_remix).flac,Electronic,44100,20467
Nine_Inch_Nails-TRON_Ares-OST-24BIT-48KHZ-WEB-FLAC-2025-OBZEN,01-nine_inch_nails-init.flac,Electronic/Score,48000,19933
Nine_Inch_Nails-TRON_Ares-OST-24BIT-48KHZ-WEB-FLAC-2025-OBZEN,02-nine_inch_nails-forked_reality.flac,Electronic/Score,48000,21140
Nine_Inch_Nails-TRON_Ares-OST-24BIT-48KHZ-WEB-FLAC-2025-OBZEN,03-nine_inch_nails-as_alive_as_you_need_me_to_be.flac,Electronic/Score,48000,21093
Nine_Inch_Nails-TRON_Ares-OST-24BIT-48KHZ-WEB-FLAC-2025-OBZEN,05-nine_inch_nails-this_changes_everything.flac,Electronic/Score,48000,21246
Nine_Inch_Nails-TRON_Ares-OST-24BIT-48KHZ-WEB-FLAC-2025-OBZEN,07-nine_inch_nails-i_know_you_can_feel_it.flac,Electronic/Score,48000,20917
Nine_Inch_Nails-TRON_Ares-OST-24BIT-48KHZ-WEB-FLAC-2025-OBZEN,09-nine_inch_nails-infiltrator.flac,Electronic/Score,48000,16628
Nine_Inch_Nails-TRON_Ares-OST-24BIT-48KHZ-WEB-FLAC-2025-OBZEN,13-nine_inch_nails-building_better_worlds.flac,Electronic/Score,48000,21445
Nine_Inch_Nails-TRON_Ares-OST-24BIT-48KHZ-WEB-FLAC-2025-OBZEN,14-nine_inch_nails-target_identified.flac,Electronic/Score,48000,21375
Nine_Inch_Nails-TRON_Ares-OST-24BIT-48KHZ-WEB-FLAC-2025-OBZEN,15-nine_inch_nails-daemonize.flac,Electronic/Score,48000,20988
Nine_Inch_Nails-TRON_Ares-OST-24BIT-48KHZ-WEB-FLAC-2025-OBZEN,16-nine_inch_nails-empathetic_response.flac,Electronic/Score,48000,20390
Nine_Inch_Nails-TRON_Ares-OST-24BIT-48KHZ-WEB-FLAC-2025-OBZEN,17-nine_inch_nails-what_have_you_done.flac,Electronic/Score,48000,20531
Nine_Inch_Nails-TRON_Ares-OST-24BIT-48KHZ-WEB-FLAC-2025-OBZEN,18-nine_inch_nails-a_question_of_trust.flac,Electronic/Score,48000,18468
Nine_Inch_Nails-TRON_Ares-OST-24BIT-48KHZ-WEB-FLAC-2025-OBZEN,24-nine_inch_nails-shadow_over_me.flac,Electronic/Score,48000,20753
Sufjan Stevens - Carrie & Lowell (2015) [FLAC],01 Death With Dignity.flac,Folk,44100,16731
Sufjan Stevens - Carrie & Lowell (2015) [FLAC],02 Should Have Known Better.flac,Folk,44100,14438
Sufjan Stevens - Carrie & Lowell (2015) [FLAC],03 All Of Me Wants All Of You.flac,Folk,44100,21059
Sufjan Stevens - Carrie & Lowell (2015) [FLAC],04 Drawn To The Blood.flac,Folk,44100,15848
Sufjan Stevens - Carrie & Lowell (2015) [FLAC],05 Eugene.flac,Folk,44100,15923
Sufjan Stevens - Carrie & Lowell (2015) [FLAC],06 Fourth Of July.flac,Folk,44100,21027
Sufjan Stevens - Carrie & Lowell (2015) [FLAC],07 The Only Thing.flac,Folk,44100,18066
Sufjan Stevens - Carrie & Lowell (2015) [FLAC],08 Carrie & Lowell.flac,Folk,44100,15073
Sufjan Stevens - Carrie & Lowell (2015) [FLAC],09 John My Beloved.flac,Folk,44100,17495
Sufjan Stevens - Carrie & Lowell (2015) [FLAC],10 No Shade In The Shadow Of The Cross.flac,Folk,44100,17872
Sufjan Stevens - Carrie & Lowell (2015) [FLAC],11 Blue Bucket Of Gold.flac,Folk,44100,17775
"Robert Plant & Alison Krauss - Raise The Roof (2021, EU, DST128)",A1. Quattro (World Drifts In).flac,Folk/Americana,44100,18497
"Robert Plant & Alison Krauss - Raise The Roof (2021, EU, DST128)",A2. The Price Of Love.flac,Folk/Americana,44100,18249
"Robert Plant & Alison Krauss - Raise The Roof (2021, EU, DST128)",A3. Go Your Way.flac,Folk/Americana,44100,18540
"Robert Plant & Alison Krauss - Raise The Roof (2021, EU, DST128)",B1. Trouble With My Lover.flac,Folk/Americana,44100,14341
"Robert Plant & Alison Krauss - Raise The Roof (2021, EU, DST128)",B2. Searching For My Love.flac,Folk/Americana,44100,19035
"Robert Plant & Alison Krauss - Raise The Roof (2021, EU, DST128)",B3. Can't Let Go.flac,Folk/Americana,44100,16731
"Robert Plant & Alison Krauss - Raise The Roof (2021, EU, DST128)",C1. It Don't Bother Me.flac,Folk/Americana,44100,18475
"Robert Plant & Alison Krauss - Raise The Roof (2021, EU, DST128)",C2. You Led Me To The Wrong.flac,Folk/Americana,44100,18497
"Robert Plant & Alison Krauss - Raise The Roof (2021, EU, DST128)",C3. Last Kind Words Blues.flac,Folk/Americana,44100,18529
"Robert Plant & Alison Krauss - Raise The Roof (2021, EU, DST128)",D1. High And Lonesome.flac,Folk/Americana,44100,18497
"Robert Plant & Alison Krauss - Raise The Roof (2021, EU, DST128)",D2. Going Where The Lonely Go.flac,Folk/Americana,44100,16806
"Robert Plant & Alison Krauss - Raise The Roof (2021, EU, DST128)",D3. Somebody Was Watching Over Me.flac,Folk/Americana,44100,18184
Robert_Plant_And_Alison_Krauss-Raising_Sand-CD-FLAC-2007-FLACME,01-robert_plant_and_alison_krauss-rich_woman.flac,Folk/Americana,44100,17732
Robert_Plant_And_Alison_Krauss-Raising_Sand-CD-FLAC-2007-FLACME,03-robert_plant_and_alison_krauss-sister_rosetta_goes_before_us.flac,Folk/Americana,44100,16483
Robert_Plant_And_Alison_Krauss-Raising_Sand-CD-FLAC-2007-FLACME,04-robert_plant_and_alison_krauss-polly_come_home.flac,Folk/Americana,44100,15245
Robert_Plant_And_Alison_Krauss-Raising_Sand-CD-FLAC-2007-FLACME,06-robert_plant_and_alison_krauss-through_the_morning_through_the_night.flac,Folk/Americana,44100,16569
Robert_Plant_And_Alison_Krauss-Raising_Sand-CD-FLAC-2007-FLACME,07-robert_plant_and_alison_krauss-please_read_the_letter.flac,Folk/Americana,44100,16903
Robert_Plant_And_Alison_Krauss-Raising_Sand-CD-FLAC-2007-FLACME,08-robert_plant_and_alison_krauss-trampled_rose.flac,Folk/Americana,44100,16472
Robert_Plant_And_Alison_Krauss-Raising_Sand-CD-FLAC-2007-FLACME,09-robert_plant_and_alison_krauss-fortune_teller.flac,Folk/Americana,44100,18023
Robert_Plant_And_Alison_Krauss-Raising_Sand-CD-FLAC-2007-FLACME,10-robert_plant_and_alison_krauss-stick_with_me_baby.flac,Folk/Americana,44100,16623
Robert_Plant_And_Alison_Krauss-Raising_Sand-CD-FLAC-2007-FLACME,11-robert_plant_and_alison_krauss-nothin.flac,Folk/Americana,44100,19282
Robert_Plant_And_Alison_Krauss-Raising_Sand-CD-FLAC-2007-FLACME,12-robert_plant_and_alison_krauss-let_your_loss_be_your_lesson.flac,Folk/Americana,44100,16989
Robert_Plant_And_Alison_Krauss-Raising_Sand-CD-FLAC-2007-FLACME,13-robert_plant_and_alison_krauss-your_long_journey.flac,Folk/Americana,44100,17194
Drake-Habibti-PROPER-24BIT-WEB-FLAC-2026-TVRf,01-drake-rusty_intro-proper.flac,Hip-hop,48000,20191
Drake-Habibti-PROPER-24BIT-WEB-FLAC-2026-TVRf,02-drake-wnba-proper.flac,Hip-hop,48000,20449
Drake-Habibti-PROPER-24BIT-WEB-FLAC-2026-TVRf,03-drake-slap_the_city_(with_qendresa)-proper.flac,Hip-hop,48000,16464
Drake-Habibti-PROPER-24BIT-WEB-FLAC-2026-TVRf,04-drake-high_fives-proper.flac,Hip-hop,48000,20238
Drake-Habibti-PROPER-24BIT-WEB-FLAC-2026-TVRf,05-drake-hurrr_nor_thurrr_(with_sexyy_red)-proper.flac,Hip-hop,48000,19453
Drake-Habibti-PROPER-24BIT-WEB-FLAC-2026-TVRf,06-drake-im_spent_(with_loe_shimmy)-proper.flac,Hip-hop,48000,20050
Drake-Habibti-PROPER-24BIT-WEB-FLAC-2026-TVRf,07-drake-classic-proper.flac,Hip-hop,48000,18328
Drake-Habibti-PROPER-24BIT-WEB-FLAC-2026-TVRf,08-drake-gen_5-proper.flac,Hip-hop,48000,20085
Drake-Habibti-PROPER-24BIT-WEB-FLAC-2026-TVRf,09-drake-white_bone-proper.flac,Hip-hop,48000,20484
Drake-Habibti-PROPER-24BIT-WEB-FLAC-2026-TVRf,10-drake-fortworth_(with_partynextdoor)-proper.flac,Hip-hop,48000,20507
Eminem-The_Death_Of_Slim_Shady_(Coup_De_Grace)-PROPER-24BIT-WEB-FLAC-2024-TVRf,01-eminem-renaissance-proper.flac,Hip-hop,96000,38460
Eminem-The_Death_Of_Slim_Shady_(Coup_De_Grace)-PROPER-24BIT-WEB-FLAC-2024-TVRf,04-eminem-brand_new_dance-proper.flac,Hip-hop,96000,38437
Eminem-The_Death_Of_Slim_Shady_(Coup_De_Grace)-PROPER-24BIT-WEB-FLAC-2024-TVRf,06-eminem-all_you_got_(skit)-proper.flac,Hip-hop,96000,21867
Eminem-The_Death_Of_Slim_Shady_(Coup_De_Grace)-PROPER-24BIT-WEB-FLAC-2024-TVRf,07-eminem-lucifer_(featuring_sly_pyper)-proper.flac,Hip-hop,96000,40500
Eminem-The_Death_Of_Slim_Shady_(Coup_De_Grace)-PROPER-24BIT-WEB-FLAC-2024-TVRf,08-eminem-antichrist-proper.flac,Hip-hop,96000,36164
Eminem-The_Death_Of_Slim_Shady_(Coup_De_Grace)-PROPER-24BIT-WEB-FLAC-2024-TVRf,09-eminem-fuel_(featuring_jid)-proper.flac,Hip-hop,96000,38437
Eminem-The_Death_Of_Slim_Shady_(Coup_De_Grace)-PROPER-24BIT-WEB-FLAC-2024-TVRf,10-eminem-road_rage_(featuring_dem_jointz_and_sly_pyper)-proper.flac,Hip-hop,96000,38484
Eminem-The_Death_Of_Slim_Shady_(Coup_De_Grace)-PROPER-24BIT-WEB-FLAC-2024-TVRf,11-eminem-houdini-proper.flac,Hip-hop,96000,48000
Eminem-The_Death_Of_Slim_Shady_(Coup_De_Grace)-PROPER-24BIT-WEB-FLAC-2024-TVRf,12-eminem-breaking_news_(skit)-proper.flac,Hip-hop,96000,40664
Eminem-The_Death_Of_Slim_Shady_(Coup_De_Grace)-PROPER-24BIT-WEB-FLAC-2024-TVRf,13-eminem-guilty_conscience_2-proper.flac,Hip-hop,96000,38695
Eminem-The_Death_Of_Slim_Shady_(Coup_De_Grace)-PROPER-24BIT-WEB-FLAC-2024-TVRf,14-eminem-head_honcho_(featuring_ez_mil)-proper.flac,Hip-hop,96000,36703
Eminem-The_Death_Of_Slim_Shady_(Coup_De_Grace)-PROPER-24BIT-WEB-FLAC-2024-TVRf,15-eminem-temporary_(featuring_skylar_grey)-proper.flac,Hip-hop,96000,33046
Eminem-The_Death_Of_Slim_Shady_(Coup_De_Grace)-PROPER-24BIT-WEB-FLAC-2024-TVRf,19-eminem-somebody_save_me_(featuring_jelly_roll)-proper.flac,Hip-hop,96000,36632
Kendrick_Lamar-GNX-PROPER-24BIT-WEB-FLAC-2024-BiKO,001-kendrick_lamar-wacced_out_murals.flac,Hip-hop,48000,21058
Kendrick_Lamar-GNX-PROPER-24BIT-WEB-FLAC-2024-BiKO,002-kendrick_lamar-squabble_up.flac,Hip-hop,48000,21457
Kendrick_Lamar-GNX-PROPER-24BIT-WEB-FLAC-2024-BiKO,003-kendrick_lamar-luther.flac,Hip-hop,48000,21281
Kendrick_Lamar-GNX-PROPER-24BIT-WEB-FLAC-2024-BiKO,004-kendrick_lamar-man_at_the_garden.flac,Hip-hop,48000,20156
Kendrick_Lamar-GNX-PROPER-24BIT-WEB-FLAC-2024-BiKO,005-kendrick_lamar-hey_now.flac,Hip-hop,48000,21187
Kendrick_Lamar-GNX-PROPER-24BIT-WEB-FLAC-2024-BiKO,006-kendrick_lamar-reincarnated.flac,Hip-hop,48000,20707
Kendrick_Lamar-GNX-PROPER-24BIT-WEB-FLAC-2024-BiKO,007-kendrick_lamar-tv_off.flac,Hip-hop,48000,21574
Kendrick_Lamar-GNX-PROPER-24BIT-WEB-FLAC-2024-BiKO,008-kendrick_lamar-dodger_blue.flac,Hip-hop,48000,20882
Kendrick_Lamar-GNX-PROPER-24BIT-WEB-FLAC-2024-BiKO,009-kendrick_lamar-peekaboo.flac,Hip-hop,48000,20578
Kendrick_Lamar-GNX-PROPER-24BIT-WEB-FLAC-2024-BiKO,010-kendrick_lamar-heart_pt_6.flac,Hip-hop,48000,20695
Kendrick_Lamar-GNX-PROPER-24BIT-WEB-FLAC-2024-BiKO,011-kendrick_lamar-gnx.flac,Hip-hop,48000,19839
Kendrick_Lamar-GNX-PROPER-24BIT-WEB-FLAC-2024-BiKO,012-kendrick_lamar-gloria.flac,Hip-hop,48000,20648
Death_Cab_For_Cutie-I_Built_You_A_Tower-16BIT-WEB-FLAC-2026-FLACCiD,02-death_cab_for_cutie-punching_the_flowers.flac,Indie,44100,18647
Death_Cab_For_Cutie-I_Built_You_A_Tower-16BIT-WEB-FLAC-2026-FLACCiD,03-death_cab_for_cutie-pep_talk.flac,Indie,44100,18227
Death_Cab_For_Cutie-I_Built_You_A_Tower-16BIT-WEB-FLAC-2026-FLACCiD,04-death_cab_for_cutie-i_built_you_a_tower_(a).flac,Indie,44100,18820
Death_Cab_For_Cutie-I_Built_You_A_Tower-16BIT-WEB-FLAC-2026-FLACCiD,05-death_cab_for_cutie-envy_the_birds.flac,Indie,44100,16537
Death_Cab_For_Cutie-I_Built_You_A_Tower-16BIT-WEB-FLAC-2026-FLACCiD,07-death_cab_for_cutie-how_heavenly_a_state.flac,Indie,44100,18830
Death_Cab_For_Cutie-I_Built_You_A_Tower-16BIT-WEB-FLAC-2026-FLACCiD,09-death_cab_for_cutie-riptides.flac,Indie,44100,17711
Death_Cab_For_Cutie-I_Built_You_A_Tower-16BIT-WEB-FLAC-2026-FLACCiD,11-death_cab_for_cutie-i_built_you_a_tower_(b).flac,Indie,44100,18324
Arne Domnerus - Jazz At The Pawnshop (1976) [2003 FIMSACD034] [2xSACD ISO],01 - Introduction.flac,Jazz,44100,13867
Arne Domnerus - Jazz At The Pawnshop (1976) [2003 FIMSACD034] [2xSACD ISO],01 - Lady Be Good.flac,Jazz,44100,18615
Arne Domnerus - Jazz At The Pawnshop (1976) [2003 FIMSACD034] [2xSACD ISO],02 - Here Is That Rainy Day.flac,Jazz,44100,17904
Arne Domnerus - Jazz At The Pawnshop (1976) [2003 FIMSACD034] [2xSACD ISO],02 - Limehouse Blues.flac,Jazz,44100,18744
Arne Domnerus - Jazz At The Pawnshop (1976) [2003 FIMSACD034] [2xSACD ISO],03 - Barbados.flac,Jazz,44100,18044
Arne Domnerus - Jazz At The Pawnshop (1976) [2003 FIMSACD034] [2xSACD ISO],03 - I'm Confessin'.flac,Jazz,44100,15180
Arne Domnerus - Jazz At The Pawnshop (1976) [2003 FIMSACD034] [2xSACD ISO],04 - High Life.flac,Jazz,44100,19121
Arne Domnerus - Jazz At The Pawnshop (1976) [2003 FIMSACD034] [2xSACD ISO],04 - How High The Moon.flac,Jazz,44100,19003
Arne Domnerus - Jazz At The Pawnshop (1976) [2003 FIMSACD034] [2xSACD ISO],05 - Struttin' With Some Barbecue.flac,Jazz,44100,17484
Arne Domnerus - Jazz At The Pawnshop (1976) [2003 FIMSACD034] [2xSACD ISO],05 - Take Five.flac,Jazz,44100,17732
Arne Domnerus - Jazz At The Pawnshop (1976) [2003 FIMSACD034] [2xSACD ISO],06 - Everything Happens To Me.flac,Jazz,44100,18012
Arne Domnerus - Jazz At The Pawnshop (1976) [2003 FIMSACD034] [2xSACD ISO],06 - Jeep's Blues.flac,Jazz,44100,17732
Arne Domnerus - Jazz At The Pawnshop (1976) [2003 FIMSACD034] [2xSACD ISO],07 - Stuffy.flac,Jazz,44100,17441
Kamasi Washington - Heaven and Earth (2018)(FLAC)(CD)/CD1,01 - Fists Of Fury.flac,Jazz,44100,17000
Kamasi Washington - Heaven and Earth (2018)(FLAC)(CD)/CD1,02 - Can You Hear Him.flac,Jazz,44100,17301
Kamasi Washington - Heaven and Earth (2018)(FLAC)(CD)/CD1,03 - Hub-Tones.flac,Jazz,44100,16903
Kamasi Washington - Heaven and Earth (2018)(FLAC)(CD)/CD1,04 - Connections.flac,Jazz,44100,17161
Kamasi Washington - Heaven and Earth (2018)(FLAC)(CD)/CD1,05 - Tiffakonkae.flac,Jazz,44100,16634
Kamasi Washington - Heaven and Earth (2018)(FLAC)(CD)/CD1,06 - The Invincible Youth.flac,Jazz,44100,16752
Kamasi Washington - Heaven and Earth (2018)(FLAC)(CD)/CD1,07 - Testify.flac,Jazz,44100,17000
Kamasi Washington - Heaven and Earth (2018)(FLAC)(CD)/CD1,08 - One Of One.flac,Jazz,44100,16472
Kamasi Washington - Heaven and Earth (2018)(FLAC)(CD)/CD2,01 - The Space Travelers Lullaby.flac,Jazz,44100,18701
Kamasi Washington - Heaven and Earth (2018)(FLAC)(CD)/CD2,02 - Vi Lua Vi Sol.flac,Jazz,44100,16935
Kamasi Washington - Heaven and Earth (2018)(FLAC)(CD)/CD2,03 - Street Fighter Mas.flac,Jazz,44100,15923
Kamasi Washington - Heaven and Earth (2018)(FLAC)(CD)/CD2,04 - Song For The Fallen.flac,Jazz,44100,15913
Kamasi Washington - Heaven and Earth (2018)(FLAC)(CD)/CD2,05 - Journey.flac,Jazz,44100,18701
Kamasi Washington - Heaven and Earth (2018)(FLAC)(CD)/CD2,06 - The Psalmnist.flac,Jazz,44100,15482
Kamasi Washington - Heaven and Earth (2018)(FLAC)(CD)/CD2,07 - Show Us The Way.flac,Jazz,44100,17549
Kamasi Washington - Heaven and Earth (2018)(FLAC)(CD)/CD2,08 - Will You Sing.flac,Jazz,44100,17355
Kamasi Washington - Heaven and Earth (2018)(FLAC)(CD)/CD3,01 - The Secrete of Jinsinson.flac,Jazz,44100,15783
Kamasi Washington - Heaven and Earth (2018)(FLAC)(CD)/CD3,02 - Will You Love Me Tomorrow.flac,Jazz,44100,17441
Kamasi Washington - Heaven and Earth (2018)(FLAC)(CD)/CD3,03 - My Family.flac,Jazz,44100,17344
Kamasi Washington - Heaven and Earth (2018)(FLAC)(CD)/CD3,04 - Agents of The Multiverse.flac,Jazz,44100,17937
Kamasi Washington - Heaven and Earth (2018)(FLAC)(CD)/CD3,05 - Ooh Child.flac,Jazz,44100,15665
Patricia Barber - Cafe Blue (1994) [SACD] (2002 MFSL Remaster)/Café Blue,01 - What A Shame.flac,Jazz,44100,16171
Patricia Barber - Cafe Blue (1994) [SACD] (2002 MFSL Remaster)/Café Blue,02 - Mourning Grace.flac,Jazz,44100,16160
Patricia Barber - Cafe Blue (1994) [SACD] (2002 MFSL Remaster)/Café Blue,03 - The Thrill Is Gone.flac,Jazz,44100,16160
Patricia Barber - Cafe Blue (1994) [SACD] (2002 MFSL Remaster)/Café Blue,04 - Romanesque.flac,Jazz,44100,18044
Patricia Barber - Cafe Blue (1994) [SACD] (2002 MFSL Remaster)/Café Blue,05 - Yellow Car III.flac,Jazz,44100,15988
Patricia Barber - Cafe Blue (1994) [SACD] (2002 MFSL Remaster)/Café Blue,06 - Wood Is A Pleasant Thing To Think About.flac,Jazz,44100,16742
Patricia Barber - Cafe Blue (1994) [SACD] (2002 MFSL Remaster)/Café Blue,07 - Inch Worm.flac,Jazz,44100,18335
Patricia Barber - Cafe Blue (1994) [SACD] (2002 MFSL Remaster)/Café Blue,08 - Ode To Billy Joe.flac,Jazz,44100,15686
Patricia Barber - Cafe Blue (1994) [SACD] (2002 MFSL Remaster)/Café Blue,09 - Too Rich For My Blood.flac,Jazz,44100,16763
Patricia Barber - Cafe Blue (1994) [SACD] (2002 MFSL Remaster)/Café Blue,10 - A Taste Of Honey.flac,Jazz,44100,15999
Patricia Barber - Cafe Blue (1994) [SACD] (2002 MFSL Remaster)/Café Blue,11 - Nardis.flac,Jazz,44100,17043
Patricia Barber - Cafe Blue (1994) [SACD] (2002 MFSL Remaster)/Café Blue,12 - Manha De Carnaval.flac,Jazz,44100,15633
Steely_Dan-Aja-REMASTERED-24BIT-96KHZ-WEB-FLAC-2023-OBZEN,01-steely_dan-black_cow-0b16d546.flac,Jazz-rock,96000,21820
Steely_Dan-Aja-REMASTERED-24BIT-96KHZ-WEB-FLAC-2023-OBZEN,02-steely_dan-aja-72175fa9.flac,Jazz-rock,96000,21515
Steely_Dan-Aja-REMASTERED-24BIT-96KHZ-WEB-FLAC-2023-OBZEN,03-steely_dan-deacon_blues-ef950c7c.flac,Jazz-rock,96000,21609
Steely_Dan-Aja-REMASTERED-24BIT-96KHZ-WEB-FLAC-2023-OBZEN,04-steely_dan-peg-75c24758.flac,Jazz-rock,96000,21117
Steely_Dan-Aja-REMASTERED-24BIT-96KHZ-WEB-FLAC-2023-OBZEN,05-steely_dan-home_at_last-d3067778.flac,Jazz-rock,96000,20812
Steely_Dan-Aja-REMASTERED-24BIT-96KHZ-WEB-FLAC-2023-OBZEN,06-steely_dan-i_got_the_news-c0299234.flac,Jazz-rock,96000,21445
Steely_Dan-Aja-REMASTERED-24BIT-96KHZ-WEB-FLAC-2023-OBZEN,07-steely_dan-josie-5a59b1e2.flac,Jazz-rock,96000,20179
Eva_Cassidy-Live_At_Blues_Alley-CD-FLAC-1998-FLACME,01-eva_cassidy-cheek_to_cheek.flac,Other,44100,19444
Eva_Cassidy-Live_At_Blues_Alley-CD-FLAC-1998-FLACME,02-eva_cassidy-stormy_monday.flac,Other,44100,17592
Eva_Cassidy-Live_At_Blues_Alley-CD-FLAC-1998-FLACME,03-eva_cassidy-bridge_over_troubled_water.flac,Other,44100,18410
Eva_Cassidy-Live_At_Blues_Alley-CD-FLAC-1998-FLACME,04-eva_cassidy-fine_and_mellow.flac,Other,44100,19638
Eva_Cassidy-Live_At_Blues_Alley-CD-FLAC-1998-FLACME,05-eva_cassidy-people_get_ready.flac,Other,44100,17571
Eva_Cassidy-Live_At_Blues_Alley-CD-FLAC-1998-FLACME,06-eva_cassidy-blue_skies.flac,Other,44100,17495
Eva_Cassidy-Live_At_Blues_Alley-CD-FLAC-1998-FLACME,07-eva_cassidy-tall_trees_in_georgia.flac,Other,44100,14524
Eva_Cassidy-Live_At_Blues_Alley-CD-FLAC-1998-FLACME,08-eva_cassidy-fields_of_gold.flac,Other,44100,14836
Eva_Cassidy-Live_At_Blues_Alley-CD-FLAC-1998-FLACME,09-eva_cassidy-autumn_leaves.flac,Other,44100,14341
Eva_Cassidy-Live_At_Blues_Alley-CD-FLAC-1998-FLACME,10-eva_cassidy-honeysuckle_rose.flac,Other,44100,17215
Eva_Cassidy-Live_At_Blues_Alley-CD-FLAC-1998-FLACME,11-eva_cassidy-take_me_to_the_river.flac,Other,44100,17592
Eva_Cassidy-Live_At_Blues_Alley-CD-FLAC-1998-FLACME,12-eva_cassidy-what_a_wonderful_world.flac,Other,44100,20015
Eva_Cassidy-Live_At_Blues_Alley-CD-FLAC-1998-FLACME,13-eva_cassidy-oh_had_i_a_golden_thread.flac,Other,44100,18303
"Dua Lipa/2021 - Future Nostalgia ~The Moonlight Edition~ (Urban 0602435782966, 2 LP, Germany)/LP1",01 - Future Nostalgia.flac,Pop,44100,16806
"Dua Lipa/2021 - Future Nostalgia ~The Moonlight Edition~ (Urban 0602435782966, 2 LP, Germany)/LP1",02 - Don’t Start Now.flac,Pop,44100,17764
"Dua Lipa/2021 - Future Nostalgia ~The Moonlight Edition~ (Urban 0602435782966, 2 LP, Germany)/LP1",03 - Cool.flac,Pop,44100,17366
"Dua Lipa/2021 - Future Nostalgia ~The Moonlight Edition~ (Urban 0602435782966, 2 LP, Germany)/LP1",04 - Physical.flac,Pop,44100,18249
"Dua Lipa/2021 - Future Nostalgia ~The Moonlight Edition~ (Urban 0602435782966, 2 LP, Germany)/LP1",05 - Levitating.flac,Pop,44100,15503
"Dua Lipa/2021 - Future Nostalgia ~The Moonlight Edition~ (Urban 0602435782966, 2 LP, Germany)/LP1",06 - Pretty Please.flac,Pop,44100,14793
"Dua Lipa/2021 - Future Nostalgia ~The Moonlight Edition~ (Urban 0602435782966, 2 LP, Germany)/LP1",07 - Hallucinate.flac,Pop,44100,15697
"Dua Lipa/2021 - Future Nostalgia ~The Moonlight Edition~ (Urban 0602435782966, 2 LP, Germany)/LP1",08 - Love Again.flac,Pop,44100,18970
"Dua Lipa/2021 - Future Nostalgia ~The Moonlight Edition~ (Urban 0602435782966, 2 LP, Germany)/LP1",09 - Break My Heart.flac,Pop,44100,15482
"Dua Lipa/2021 - Future Nostalgia ~The Moonlight Edition~ (Urban 0602435782966, 2 LP, Germany)/LP1",10 - Good In Bed.flac,Pop,44100,17754
"Dua Lipa/2021 - Future Nostalgia ~The Moonlight Edition~ (Urban 0602435782966, 2 LP, Germany)/LP1",11 - Boys Will Be Boys.flac,Pop,44100,13899
"Dua Lipa/2021 - Future Nostalgia ~The Moonlight Edition~ (Urban 0602435782966, 2 LP, Germany)/LP2",12 - Fever.flac,Pop,44100,17043
"Dua Lipa/2021 - Future Nostalgia ~The Moonlight Edition~ (Urban 0602435782966, 2 LP, Germany)/LP2",13 - We’re Good.flac,Pop,44100,16795
"Dua Lipa/2021 - Future Nostalgia ~The Moonlight Edition~ (Urban 0602435782966, 2 LP, Germany)/LP2",14 - Prisoner.flac,Pop,44100,17840
"Dua Lipa/2021 - Future Nostalgia ~The Moonlight Edition~ (Urban 0602435782966, 2 LP, Germany)/LP2",15 - If It Ain’t Me.flac,Pop,44100,16311
"Dua Lipa/2021 - Future Nostalgia ~The Moonlight Edition~ (Urban 0602435782966, 2 LP, Germany)/LP2",16 - That Kind Of Woman.flac,Pop,44100,17366
"Dua Lipa/2021 - Future Nostalgia ~The Moonlight Edition~ (Urban 0602435782966, 2 LP, Germany)/LP2",17 - Not My Problem.flac,Pop,44100,16806
"Dua Lipa/2021 - Future Nostalgia ~The Moonlight Edition~ (Urban 0602435782966, 2 LP, Germany)/LP2",18 - Levitating.flac,Pop,44100,17194
"Dua Lipa/2021 - Future Nostalgia ~The Moonlight Edition~ (Urban 0602435782966, 2 LP, Germany)/LP2",19 - Un Día (One Day).flac,Pop,44100,15783
Lady Gaga - 2025 - MAYHEM [Digital Reissue Edition] (24_44),01 - Disease.flac,Pop,44100,20725
Lady Gaga - 2025 - MAYHEM [Digital Reissue Edition] (24_44),02 - Abracadabra.flac,Pop,44100,20478
Lady Gaga - 2025 - MAYHEM [Digital Reissue Edition] (24_44),03 - Garden Of Eden.flac,Pop,44100,16989
Lady Gaga - 2025 - MAYHEM [Digital Reissue Edition] (24_44),04 - Perfect Celebrity.flac,Pop,44100,16139
Lady Gaga - 2025 - MAYHEM [Digital Reissue Edition] (24_44),05 - Can’t Stop the High.flac,Pop,44100,18626
Lady Gaga - 2025 - MAYHEM [Digital Reissue Edition] (24_44),06 - Vanish Into You.flac,Pop,44100,20478
Lady Gaga - 2025 - MAYHEM [Digital Reissue Edition] (24_44),07 - Killah.flac,Pop,44100,16677
Lady Gaga - 2025 - MAYHEM [Digital Reissue Edition] (24_44),08 - Zombieboy.flac,Pop,44100,18443
Lady Gaga - 2025 - MAYHEM [Digital Reissue Edition] (24_44),09 - The Dead Dance.flac,Pop,44100,19509
Lady Gaga - 2025 - MAYHEM [Digital Reissue Edition] (24_44),10 - LoveDrug.flac,Pop,44100,20876
Lady Gaga - 2025 - MAYHEM [Digital Reissue Edition] (24_44),11 - How Bad Do U Want Me.flac,Pop,44100,17226
Lady Gaga - 2025 - MAYHEM [Digital Reissue Edition] (24_44),12 - Don't Call Tonight.flac,Pop,44100,15977
Lady Gaga - 2025 - MAYHEM [Digital Reissue Edition] (24_44),13 - Kill For Love.flac,Pop,44100,20725
Lady Gaga - 2025 - MAYHEM [Digital Reissue Edition] (24_44),14 - Shadow Of A Man.flac,Pop,44100,19358
Lady Gaga - 2025 - MAYHEM [Digital Reissue Edition] (24_44),15 - The Beast.flac,Pop,44100,17323
Lady Gaga - 2025 - MAYHEM [Digital Reissue Edition] (24_44),16 - Blade Of Grass.flac,Pop,44100,18292
Lady Gaga - 2025 - MAYHEM [Digital Reissue Edition] (24_44),17 - Die With A Smile.flac,Pop,44100,16978
The Weeknd - After Hours (Deluxe - Explicit) (2020) [Hi-Res stereo],02 Too Late.flac,Pop,44100,18938
The Weeknd - After Hours (Deluxe - Explicit) (2020) [Hi-Res stereo],03 Hardest To Love.flac,Pop,44100,18820
The Weeknd - After Hours (Deluxe - Explicit) (2020) [Hi-Res stereo],04 Scared To Live.flac,Pop,44100,15708
The Weeknd - After Hours (Deluxe - Explicit) (2020) [Hi-Res stereo],05 Snowchild.flac,Pop,44100,19218
The Weeknd - After Hours (Deluxe - Explicit) (2020) [Hi-Res stereo],06 Escape From LA.flac,Pop,44100,19422
The Weeknd - After Hours (Deluxe - Explicit) (2020) [Hi-Res stereo],07 Heartless.flac,Pop,44100,18669
The Weeknd - After Hours (Deluxe - Explicit) (2020) [Hi-Res stereo],08 Faith.flac,Pop,44100,18744
The Weeknd - After Hours (Deluxe - Explicit) (2020) [Hi-Res stereo],09 Blinding Lights.flac,Pop,44100,19789
The Weeknd - After Hours (Deluxe - Explicit) (2020) [Hi-Res stereo],10 In Your Eyes.flac,Pop,44100,18163
The Weeknd - After Hours (Deluxe - Explicit) (2020) [Hi-Res stereo],11 Save Your Tears.flac,Pop,44100,20790
The Weeknd - After Hours (Deluxe - Explicit) (2020) [Hi-Res stereo],12 Repeat After Me (Interlude).flac,Pop,44100,16322
The Weeknd - After Hours (Deluxe - Explicit) (2020) [Hi-Res stereo],13 After Hours.flac,Pop,44100,19745
The Weeknd - After Hours (Deluxe - Explicit) (2020) [Hi-Res stereo],15 Nothing Compares (Bonus Track).flac,Pop,44100,18970
The Weeknd - After Hours (Deluxe - Explicit) (2020) [Hi-Res stereo],16 Missed You (Bonus Track).flac,Pop,44100,17678
The Weeknd - After Hours (Deluxe - Explicit) (2020) [Hi-Res stereo],17 Final Lullaby (Bonus Track).flac,Pop,44100,16655
Evanescence-Sanctuary-CD-FLAC-2026-PERFECT,01-evanescence-beautiful_lie.flac,Rock,44100,17495
Evanescence-Sanctuary-CD-FLAC-2026-PERFECT,02-evanescence-tell_me_when_youve_had_enough.flac,Rock,44100,18464
Evanescence-Sanctuary-CD-FLAC-2026-PERFECT,03-evanescence-who_will_you_follow.flac,Rock,44100,17517
Evanescence-Sanctuary-CD-FLAC-2026-PERFECT,04-evanescence-rapture.flac,Rock,44100,20112
Evanescence-Sanctuary-CD-FLAC-2026-PERFECT,05-evanescence-afterlife.flac,Rock,44100,17334
Evanescence-Sanctuary-CD-FLAC-2026-PERFECT,06-evanescence-sanctuary.flac,Rock,44100,17764
Evanescence-Sanctuary-CD-FLAC-2026-PERFECT,07-evanescence-how_do_i_heal.flac,Rock,44100,18841
Evanescence-Sanctuary-CD-FLAC-2026-PERFECT,08-evanescence-about_us.flac,Rock,44100,19024
Evanescence-Sanctuary-CD-FLAC-2026-PERFECT,09-evanescence-calm_down.flac,Rock,44100,17754
Evanescence-Sanctuary-CD-FLAC-2026-PERFECT,10-evanescence-self_destruct.flac,Rock,44100,17388
Evanescence-Sanctuary-CD-FLAC-2026-PERFECT,11-evanescence-forever_without_you.flac,Rock,44100,18733
Evanescence-Sanctuary-CD-FLAC-2026-PERFECT,12-evanescence-wide_open_heart.flac,Rock,44100,17915
Foo_Fighters-Your_Favorite_Toy-CD-FLAC-2026-PERFECT,01-foo_fighters-caught_in_the_echo.flac,Rock,44100,18098
Foo_Fighters-Your_Favorite_Toy-CD-FLAC-2026-PERFECT,02-foo_fighters-of_all_people.flac,Rock,44100,18464
Foo_Fighters-Your_Favorite_Toy-CD-FLAC-2026-PERFECT,03-foo_fighters-window.flac,Rock,44100,18012
Foo_Fighters-Your_Favorite_Toy-CD-FLAC-2026-PERFECT,04-foo_fighters-your_favorite_toy.flac,Rock,44100,18109
Foo_Fighters-Your_Favorite_Toy-CD-FLAC-2026-PERFECT,05-foo_fighters-if_you_only_knew.flac,Rock,44100,17969
Foo_Fighters-Your_Favorite_Toy-CD-FLAC-2026-PERFECT,06-foo_fighters-spit_shine.flac,Rock,44100,18593
Foo_Fighters-Your_Favorite_Toy-CD-FLAC-2026-PERFECT,07-foo_fighters-unconditional.flac,Rock,44100,18518
Foo_Fighters-Your_Favorite_Toy-CD-FLAC-2026-PERFECT,08-foo_fighters-child_actor.flac,Rock,44100,18895
Foo_Fighters-Your_Favorite_Toy-CD-FLAC-2026-PERFECT,09-foo_fighters-amen_caveman.flac,Rock,44100,15611
Foo_Fighters-Your_Favorite_Toy-CD-FLAC-2026-PERFECT,10-foo_fighters-asking_for_a_friend.flac,Rock,44100,18507
Linkin_Park-From_Zero-CD-FLAC-2024-MOD,01-linkin_park-from_zero_(intro).flac,Rock,44100,16472
Linkin_Park-From_Zero-CD-FLAC-2024-MOD,02-linkin_park-the_emptiness_machine.flac,Rock,44100,19735
Linkin_Park-From_Zero-CD-FLAC-2024-MOD,03-linkin_park-cut_the_bridge.flac,Rock,44100,15826
Linkin_Park-From_Zero-CD-FLAC-2024-MOD,04-linkin_park-heavy_is_the_crown.flac,Rock,44100,17291
Linkin_Park-From_Zero-CD-FLAC-2024-MOD,05-linkin_park-over_each_other.flac,Rock,44100,16677
Linkin_Park-From_Zero-CD-FLAC-2024-MOD,06-linkin_park-casualty.flac,Rock,44100,17237
Linkin_Park-From_Zero-CD-FLAC-2024-MOD,07-linkin_park-overflow.flac,Rock,44100,19229
Linkin_Park-From_Zero-CD-FLAC-2024-MOD,08-linkin_park-two_faced.flac,Rock,44100,16365
Linkin_Park-From_Zero-CD-FLAC-2024-MOD,09-linkin_park-stained.flac,Rock,44100,18453
Linkin_Park-From_Zero-CD-FLAC-2024-MOD,10-linkin_park-igyeih.flac,Rock,44100,15353
Linkin_Park-From_Zero-CD-FLAC-2024-MOD,11-linkin_park-good_things_go.flac,Rock,44100,15428
Nevertel-Everything_In_My_Mind-24BIT-WEB-FLAC-2021-VEXED,01-nevertel-holding_on.flac,Rock,44100,17409
Nevertel-Everything_In_My_Mind-24BIT-WEB-FLAC-2021-VEXED,02-nevertel-back_on_me.flac,Rock,44100,17721
Nevertel-Everything_In_My_Mind-24BIT-WEB-FLAC-2021-VEXED,03-nevertel-everything_in_my_mind.flac,Rock,44100,18001
Nevertel-Everything_In_My_Mind-24BIT-WEB-FLAC-2021-VEXED,04-nevertel-all_i_need.flac,Rock,44100,18507
Nevertel-Everything_In_My_Mind-24BIT-WEB-FLAC-2021-VEXED,05-nevertel-life_like_this.flac,Rock,44100,17075
Nevertel-Everything_In_My_Mind-24BIT-WEB-FLAC-2021-VEXED,06-nevertel-new_friend_(feat._andromida).flac,Rock,44100,18238
Nevertel-Everything_In_My_Mind-24BIT-WEB-FLAC-2021-VEXED,07-nevertel-whats_it_mean.flac,Rock,44100,16677
Nevertel-Everything_In_My_Mind-24BIT-WEB-FLAC-2021-VEXED,08-nevertel-know_my_loneliness.flac,Rock,44100,17958
Nevertel-Everything_In_My_Mind-24BIT-WEB-FLAC-2021-VEXED,09-nevertel-dark_cloud.flac,Rock,44100,16505
Nevertel-Start_Again-24BIT-WEB-FLAC-2025-FLACCiD,01-nevertel-start_again_(prelude).flac,Rock,44100,18260
Nevertel-Start_Again-24BIT-WEB-FLAC-2025-FLACCiD,02-nevertel-criminal.flac,Rock,48000,19347
Nevertel-Start_Again-24BIT-WEB-FLAC-2025-FLACCiD,03-nevertel-did_it_all.flac,Rock,48000,20695
Nevertel-Start_Again-24BIT-WEB-FLAC-2025-FLACCiD,04-nevertel-break_the_silence.flac,Rock,44100,19207
Nevertel-Start_Again-24BIT-WEB-FLAC-2025-FLACCiD,05-nevertel-good_intentions.flac,Rock,44100,16882
Nevertel-Start_Again-24BIT-WEB-FLAC-2025-FLACCiD,06-nevertel-sacrifice.flac,Rock,96000,21820
Nevertel-Start_Again-24BIT-WEB-FLAC-2025-FLACCiD,07-nevertel-losing_faith.flac,Rock,48000,21058
Nevertel-Start_Again-24BIT-WEB-FLAC-2025-FLACCiD,08-nevertel-miles_apart.flac,Rock,44100,18486
Nevertel-Start_Again-24BIT-WEB-FLAC-2025-FLACCiD,09-nevertel-some_things.flac,Rock,44100,16666
Nevertel-Start_Again-24BIT-WEB-FLAC-2025-FLACCiD,10-nevertel-icon.flac,Rock,44100,16731
Nevertel-Start_Again-24BIT-WEB-FLAC-2025-FLACCiD,11-nevertel-playground.flac,Rock,44100,17183
Nevertel-Start_Again-24BIT-WEB-FLAC-2025-FLACCiD,12-nevertel-starting_over.flac,Rock,48000,19957
Nevertel-Start_Again-24BIT-WEB-FLAC-2025-FLACCiD,13-nevertel-ever_after.flac,Rock,48000,20871
Nickelback-Dark Horse-16BIT-44.1KHZ-WEB-FLAC-2008-TOASTY,01. Nickelback - Something in Your Mouth.flac,Rock,44100,17678
Nickelback-Dark Horse-16BIT-44.1KHZ-WEB-FLAC-2008-TOASTY,02. Nickelback - Burn It to the Ground.flac,Rock,44100,18077
Nickelback-Dark Horse-16BIT-44.1KHZ-WEB-FLAC-2008-TOASTY,03. Nickelback - Gotta Be Somebody.flac,Rock,44100,17624
Nickelback-Dark Horse-16BIT-44.1KHZ-WEB-FLAC-2008-TOASTY,04. Nickelback - I'd Come for You.flac,Rock,44100,17764
Nickelback-Dark Horse-16BIT-44.1KHZ-WEB-FLAC-2008-TOASTY,05. Nickelback - Next Go Round.flac,Rock,44100,17603
Nickelback-Dark Horse-16BIT-44.1KHZ-WEB-FLAC-2008-TOASTY,06. Nickelback - Just to Get High.flac,Rock,44100,17775
Nickelback-Dark Horse-16BIT-44.1KHZ-WEB-FLAC-2008-TOASTY,07. Nickelback - Never Gonna Be Alone.flac,Rock,44100,19229
Nickelback-Dark Horse-16BIT-44.1KHZ-WEB-FLAC-2008-TOASTY,08. Nickelback - Shakin' Hands.flac,Rock,44100,17840
Nickelback-Dark Horse-16BIT-44.1KHZ-WEB-FLAC-2008-TOASTY,09. Nickelback - S.E.X.flac,Rock,44100,17754
Nickelback-Dark Horse-16BIT-44.1KHZ-WEB-FLAC-2008-TOASTY,10. Nickelback - If Today Was Your Last Day.flac,Rock,44100,18540
Nickelback-Dark Horse-16BIT-44.1KHZ-WEB-FLAC-2008-TOASTY,11. Nickelback - This Afternoon.flac,Rock,44100,18421
Rain_City_Drive-Rain_City_Drive-24BIT-96KHZ-WEB-FLAC-2022-FLACCiD,01-rain_city_drive-waiting_on_you.flac,Rock,96000,31078
Rain_City_Drive-Rain_City_Drive-24BIT-96KHZ-WEB-FLAC-2022-FLACCiD,02-rain_city_drive-gardens_of_misery.flac,Rock,96000,31335
Rain_City_Drive-Rain_City_Drive-24BIT-96KHZ-WEB-FLAC-2022-FLACCiD,03-rain_city_drive-dreams.flac,Rock,96000,48000
Rain_City_Drive-Rain_City_Drive-24BIT-96KHZ-WEB-FLAC-2022-FLACCiD,04-rain_city_drive-dying_for.flac,Rock,96000,31007
Rain_City_Drive-Rain_City_Drive-24BIT-96KHZ-WEB-FLAC-2022-FLACCiD,05-rain_city_drive-nothing_left.flac,Rock,96000,48000
Rain_City_Drive-Rain_City_Drive-24BIT-96KHZ-WEB-FLAC-2022-FLACCiD,06-rain_city_drive-psycho.flac,Rock,96000,31171
Rain_City_Drive-Rain_City_Drive-24BIT-96KHZ-WEB-FLAC-2022-FLACCiD,07-rain_city_drive-cutting_it_close.flac,Rock,96000,48000
Rain_City_Drive-Rain_City_Drive-24BIT-96KHZ-WEB-FLAC-2022-FLACCiD,08-rain_city_drive-blood_runs_cold.flac,Rock,96000,48000
Rain_City_Drive-Rain_City_Drive-24BIT-96KHZ-WEB-FLAC-2022-FLACCiD,09-rain_city_drive-eternity.flac,Rock,96000,48000
Rain_City_Drive-Rain_City_Drive-24BIT-96KHZ-WEB-FLAC-2022-FLACCiD,10-rain_city_drive-ophelia.flac,Rock,96000,33070
Rain_City_Drive-Rain_City_Drive-24BIT-96KHZ-WEB-FLAC-2022-FLACCiD,11-rain_city_drive-if_i_was_right.flac,Rock,96000,48000
Sublime-Until_The_Sun_Explodes-CD-FLAC-2026-PERFECT,01-sublime-ensenada.flac,Rock,44100,17807
Sublime-Until_The_Sun_Explodes-CD-FLAC-2026-PERFECT,02-sublime-wizard.flac,Rock,44100,17797
Sublime-Until_The_Sun_Explodes-CD-FLAC-2026-PERFECT,03-sublime-cant_miss_you.flac,Rock,44100,17775
Sublime-Until_The_Sun_Explodes-CD-FLAC-2026-PERFECT,04-sublime-backwards_(feat_fidlar).flac,Rock,44100,19089
Sublime-Until_The_Sun_Explodes-CD-FLAC-2026-PERFECT,05-sublime-maybe_partying_will_help_pt_1.flac,Rock,44100,18400
Sublime-Until_The_Sun_Explodes-CD-FLAC-2026-PERFECT,06-sublime-favorite_song_(feat_skegss).flac,Rock,44100,19853
Sublime-Until_The_Sun_Explodes-CD-FLAC-2026-PERFECT,07-sublime-personal_hell.flac,Rock,44100,16914
Sublime-Until_The_Sun_Explodes-CD-FLAC-2026-PERFECT,08-sublime-ftr.flac,Rock,44100,18809
Sublime-Until_The_Sun_Explodes-CD-FLAC-2026-PERFECT,09-sublime-evil_men.flac,Rock,44100,17754
Sublime-Until_The_Sun_Explodes-CD-FLAC-2026-PERFECT,10-sublime-treys_song_(feat_hr_of_bad_brains).flac,Rock,44100,18410
Sublime-Until_The_Sun_Explodes-CD-FLAC-2026-PERFECT,12-sublime-the_problem_with_that_is_it_makes_me_stoked.flac,Rock,44100,18636
Sublime-Until_The_Sun_Explodes-CD-FLAC-2026-PERFECT,13-sublime-gangstalker.flac,Rock,44100,17775
Sublime-Until_The_Sun_Explodes-CD-FLAC-2026-PERFECT,14-sublime-figueroa.flac,Rock,44100,18432
Sublime-Until_The_Sun_Explodes-CD-FLAC-2026-PERFECT,15-sublime-froggy.flac,Rock,44100,18497
Sublime-Until_The_Sun_Explodes-CD-FLAC-2026-PERFECT,16-sublime-come_correct_(feat_g_love_and_special_sauce).flac,Rock,44100,14481
Sublime-Until_The_Sun_Explodes-CD-FLAC-2026-PERFECT,17-sublime-what_for.flac,Rock,44100,18507
Sublime-Until_The_Sun_Explodes-CD-FLAC-2026-PERFECT,18-sublime-247-369_(feat_fletcher_dragge_of_pennywise).flac,Rock,44100,18400
Sublime-Until_The_Sun_Explodes-CD-FLAC-2026-PERFECT,19-sublime-maybe_partying_will_help_pt_2.flac,Rock,44100,17958
Sublime-Until_The_Sun_Explodes-CD-FLAC-2026-PERFECT,20-sublime-until_the_sun_explodes.flac,Rock,44100,17366
Sublime-Until_The_Sun_Explodes-CD-FLAC-2026-PERFECT,21-sublime-thanx_again.flac,Rock,44100,18335
Nothing_More-CARNAL_(Deluxe)-24BIT-48KHZ-WEB-FLAC-2025-OBZEN,01-nothing_more-_carnal.flac,Rock/Metal,48000,20625
Nothing_More-CARNAL_(Deluxe)-24BIT-48KHZ-WEB-FLAC-2025-OBZEN,02-nothing_more-house_on_sand_(feat._eric_v._of_i_prevail).flac,Rock/Metal,48000,20308
Nothing_More-CARNAL_(Deluxe)-24BIT-48KHZ-WEB-FLAC-2025-OBZEN,03-nothing_more-if_it_doesnt_hurt.flac,Rock/Metal,48000,19921
Nothing_More-CARNAL_(Deluxe)-24BIT-48KHZ-WEB-FLAC-2025-OBZEN,04-nothing_more-angel_song_(feat._david_draiman).flac,Rock/Metal,48000,20988
Nothing_More-CARNAL_(Deluxe)-24BIT-48KHZ-WEB-FLAC-2025-OBZEN,06-nothing_more-blame_it_on_the_drugs.flac,Rock/Metal,44100,18787
Nothing_More-CARNAL_(Deluxe)-24BIT-48KHZ-WEB-FLAC-2025-OBZEN,07-nothing_more-_head.flac,Rock/Metal,48000,21410
Nothing_More-CARNAL_(Deluxe)-24BIT-48KHZ-WEB-FLAC-2025-OBZEN,08-nothing_more-existential_dread.flac,Rock/Metal,44100,16462
Nothing_More-CARNAL_(Deluxe)-24BIT-48KHZ-WEB-FLAC-2025-OBZEN,09-nothing_more-_heart.flac,Rock/Metal,48000,19734
Nothing_More-CARNAL_(Deluxe)-24BIT-48KHZ-WEB-FLAC-2025-OBZEN,12-nothing_more-_sight.flac,Rock/Metal,44100,18981
Nothing_More-CARNAL_(Deluxe)-24BIT-48KHZ-WEB-FLAC-2025-OBZEN,13-nothing_more-stuck_(feat._sinizter).flac,Rock/Metal,44100,18723
Nothing_More-CARNAL_(Deluxe)-24BIT-48KHZ-WEB-FLAC-2025-OBZEN,14-nothing_more-run_for_your_life.flac,Rock/Metal,44100,18453
Nothing_More-CARNAL_(Deluxe)-24BIT-48KHZ-WEB-FLAC-2025-OBZEN,16-nothing_more-were_all_gonna_die.flac,Rock/Metal,48000,20132
Nothing_More-CARNAL_(Deluxe)-24BIT-48KHZ-WEB-FLAC-2025-OBZEN,17-nothing_more-freefall_(feat._chris_daughtry).flac,Rock/Metal,44100,18378
Nothing_More-CARNAL_(Deluxe)-24BIT-48KHZ-WEB-FLAC-2025-OBZEN,18-nothing_more-angel_song_(feat._david_draiman)_(live_at_aftershock).flac,Rock/Metal,48000,19101
Nothing_More-CARNAL_(Deluxe)-24BIT-48KHZ-WEB-FLAC-2025-OBZEN,19-nothing_more-house_on_sand_(feat._eric_v._of_i_prevail)_(mg_remix).flac,Rock/Metal,44100,18841
Nothing_More-CARNAL_(Deluxe)-24BIT-48KHZ-WEB-FLAC-2025-OBZEN,20-nothing_more-angel_song_(feat._david_draiman)_(jd_remix).flac,Rock/Metal,96000,35906
Nothing_More-SPIRITS-DELUXE_EDITION-24BIT-48KHZ-WEB-FLAC-2023-FLACCiD,01-nothing_more-turn_it_up_like_(stand_in_the_fire).flac,Rock/Metal,48000,21316
Nothing_More-SPIRITS-DELUXE_EDITION-24BIT-48KHZ-WEB-FLAC-2023-FLACCiD,02-nothing_more-tired_of_winning.flac,Rock/Metal,48000,21328
Nothing_More-SPIRITS-DELUXE_EDITION-24BIT-48KHZ-WEB-FLAC-2023-FLACCiD,03-nothing_more-ships_in_the_night.flac,Rock/Metal,48000,21375
Nothing_More-SPIRITS-DELUXE_EDITION-24BIT-48KHZ-WEB-FLAC-2023-FLACCiD,04-nothing_more-you_dont_know_what_love_means.flac,Rock/Metal,48000,20800
Nothing_More-SPIRITS-DELUXE_EDITION-24BIT-48KHZ-WEB-FLAC-2023-FLACCiD,05-nothing_more-dont_look_back.flac,Rock/Metal,48000,21058
Nothing_More-SPIRITS-DELUXE_EDITION-24BIT-48KHZ-WEB-FLAC-2023-FLACCiD,06-nothing_more-the_other_f_word.flac,Rock/Metal,48000,21269
Nothing_More-SPIRITS-DELUXE_EDITION-24BIT-48KHZ-WEB-FLAC-2023-FLACCiD,08-nothing_more-best_times.flac,Rock/Metal,48000,20835
Nothing_More-SPIRITS-DELUXE_EDITION-24BIT-48KHZ-WEB-FLAC-2023-FLACCiD,09-nothing_more-deja_vu.flac,Rock/Metal,48000,21304
Nothing_More-SPIRITS-DELUXE_EDITION-24BIT-48KHZ-WEB-FLAC-2023-FLACCiD,10-nothing_more-dream_with_me.flac,Rock/Metal,48000,21269
Nothing_More-SPIRITS-DELUXE_EDITION-24BIT-48KHZ-WEB-FLAC-2023-FLACCiD,13-nothing_more-spirits.flac,Rock/Metal,48000,20636
Nothing_More-SPIRITS-DELUXE_EDITION-24BIT-48KHZ-WEB-FLAC-2023-FLACCiD,15-nothing_more_taylor_acorn-you_dont_know_what_love_means_(feat._taylor_acorn)_(piano_version).flac,Rock/Metal,48000,19992
Nothing_More-SPIRITS-DELUXE_EDITION-24BIT-48KHZ-WEB-FLAC-2023-FLACCiD,16-nothing_more_lacey_sturm-best_times_(feat._lacey_sturm).flac,Rock/Metal,48000,20871
Nothing_More-SPIRITS-DELUXE_EDITION-24BIT-48KHZ-WEB-FLAC-2023-FLACCiD,18-nothing_more-tired_of_winning___ships_in_the_night_(live).flac,Rock/Metal,48000,20238
Nothing_More-SPIRITS-DELUXE_EDITION-24BIT-48KHZ-WEB-FLAC-2023-FLACCiD,19-nothing_more-face_it_(live).flac,Rock/Metal,48000,20238
Nothing_More-SPIRITS-DELUXE_EDITION-24BIT-48KHZ-WEB-FLAC-2023-FLACCiD,20-nothing_more-tired_of_winning_(ahee_and_cymek_remix).flac,Rock/Metal,44100,17301
Elton John - Honky Chateau (Remastered 1990) (1972 FLAC,01. Honky Cat.flac,Rock/Pop,44100,18550
Elton John - Honky Chateau (Remastered 1990) (1972 FLAC,02. Mellow.flac,Rock/Pop,44100,18141
Elton John - Honky Chateau (Remastered 1990) (1972 FLAC,03. I Think I'm Going To Kill Myself.flac,Rock/Pop,44100,17506
Elton John - Honky Chateau (Remastered 1990) (1972 FLAC,04. Susie (Dramas).flac,Rock/Pop,44100,18453
Elton John - Honky Chateau (Remastered 1990) (1972 FLAC,"05. Rocket Man (I Think It's Going To Be A Long, Long Time).flac",Rock/Pop,44100,18766
Elton John - Honky Chateau (Remastered 1990) (1972 FLAC,06. Salvation.flac,Rock/Pop,44100,18281
Elton John - Honky Chateau (Remastered 1990) (1972 FLAC,08. Amy.flac,Rock/Pop,44100,17528
Elton John - Honky Chateau (Remastered 1990) (1972 FLAC,09. Mona Lisas And Mad Hatters.flac,Rock/Pop,44100,18292
Elton John - Honky Chateau (Remastered 1990) (1972 FLAC,10. Hercules.flac,Rock/Pop,44100,17280
"Jennifer Warnes - Another Time, Another Place (2018) [SACD] (2019 Impex)/Another Time, Another Place",01 - Just Breathe.flac,Vocal,44100,18755
"Jennifer Warnes - Another Time, Another Place (2018) [SACD] (2019 Impex)/Another Time, Another Place",02 - Tomorrow Night.flac,Vocal,44100,18066
"Jennifer Warnes - Another Time, Another Place (2018) [SACD] (2019 Impex)/Another Time, Another Place",03 - Once I Was Loved.flac,Vocal,44100,19627
"Jennifer Warnes - Another Time, Another Place (2018) [SACD] (2019 Impex)/Another Time, Another Place",04 - So Sad.flac,Vocal,44100,18809
"Jennifer Warnes - Another Time, Another Place (2018) [SACD] (2019 Impex)/Another Time, Another Place",05 - I See Your Face Before Me.flac,Vocal,44100,19498
"Jennifer Warnes - Another Time, Another Place (2018) [SACD] (2019 Impex)/Another Time, Another Place",06 - I Am The Big Easy.flac,Vocal,44100,17711
"Jennifer Warnes - Another Time, Another Place (2018) [SACD] (2019 Impex)/Another Time, Another Place",07 - The Boys And Me.flac,Vocal,44100,18098
"Jennifer Warnes - Another Time, Another Place (2018) [SACD] (2019 Impex)/Another Time, Another Place",09 - There's A River.flac,Vocal,44100,19379
"Jennifer Warnes - Another Time, Another Place (2018) [SACD] (2019 Impex)/Another Time, Another Place",10 - Freedom.flac,Vocal,44100,19498
"Jennifer Warnes - Another Time, Another Place (2018) [SACD] (2019 Impex)/Another Time, Another Place",11 - Why Worry.flac,Vocal,44100,18066
Jennifer Warnes-Famous.Blue.Raincoat.20th.Anniversary.Edition,01 First We Take Manhattan.flac,Vocal,44100,18421
Jennifer Warnes-Famous.Blue.Raincoat.20th.Anniversary.Edition,02 Bird on a Wire.flac,Vocal,44100,19832
Jennifer Warnes-Famous.Blue.Raincoat.20th.Anniversary.Edition,03 Famous Blue Raincoat.flac,Vocal,44100,16472
Jennifer Warnes-Famous.Blue.Raincoat.20th.Anniversary.Edition,04 Joan of Arc.flac,Vocal,44100,19250
Jennifer Warnes-Famous.Blue.Raincoat.20th.Anniversary.Edition,05 Ain't No Cure For Love.flac,Vocal,44100,18303
Jennifer Warnes-Famous.Blue.Raincoat.20th.Anniversary.Edition,06 Coming Back To You.flac,Vocal,44100,17689
Jennifer Warnes-Famous.Blue.Raincoat.20th.Anniversary.Edition,08 A Singer Must Die.flac,Vocal,44100,17398
Jennifer Warnes-Famous.Blue.Raincoat.20th.Anniversary.Edition,09 Came So Far For Beauty.flac,Vocal,44100,16989
Jennifer Warnes-Famous.Blue.Raincoat.20th.Anniversary.Edition,10 Night Comes On.flac,Vocal,44100,16806
Jennifer Warnes-Famous.Blue.Raincoat.20th.Anniversary.Edition,11 Ballad of the Runaway Horse.flac,Vocal,44100,17344
Jennifer Warnes-Famous.Blue.Raincoat.20th.Anniversary.Edition,12 If It Be Your Will (Reprise).flac,Vocal,44100,17506
Jennifer Warnes-Famous.Blue.Raincoat.20th.Anniversary.Edition,13 Joan of Arc (Live in Belgium).flac,Vocal,44100,19132
Eva Cassidy - Songbird - 1998-2023 (24-44),01. Eva Cassidy - Fields Of Gold.flac,Vocal/acoustic,44100,15848
Eva Cassidy - Songbird - 1998-2023 (24-44),02. Eva Cassidy - Wade In The Water.flac,Vocal/acoustic,44100,17947
Eva Cassidy - Songbird - 1998-2023 (24-44),03. Eva Cassidy - Autumn Leaves.flac,Vocal/acoustic,44100,19573
Eva Cassidy - Songbird - 1998-2023 (24-44),04. Eva Cassidy - Wayfaring Stranger.flac,Vocal/acoustic,44100,18260
Eva Cassidy - Songbird - 1998-2023 (24-44),05. Eva Cassidy - Songbird.flac,Vocal/acoustic,44100,19562
Eva Cassidy - Songbird - 1998-2023 (24-44),06. Eva Cassidy - Time Is A Healer.flac,Vocal/acoustic,44100,17754
Eva Cassidy - Songbird - 1998-2023 (24-44),07. Eva Cassidy - I Know You By Heart.flac,Vocal/acoustic,44100,17377
Eva Cassidy - Songbird - 1998-2023 (24-44),08. Eva Cassidy - People Get Ready.flac,Vocal/acoustic,44100,17571
Eva Cassidy - Songbird - 1998-2023 (24-44),"09. Eva Cassidy - Oh, Had I A Golden Thread.flac",Vocal/acoustic,44100,18335
Eva Cassidy - Songbird - 1998-2023 (24-44),10. Eva Cassidy - Over The Rainbow.flac,Vocal/acoustic,44100,14201
Eva Cassidy – The Best of Eva Cassidy (2013) LP 24-96,01 You Take My Breath Away.flac,Vocal/acoustic,96000,21351
Eva Cassidy – The Best of Eva Cassidy (2013) LP 24-96,03 Songbird.flac,Vocal/acoustic,96000,32976
Eva Cassidy – The Best of Eva Cassidy (2013) LP 24-96,04 What A Wonderful World.flac,Vocal/acoustic,96000,20953
Eva Cassidy – The Best of Eva Cassidy (2013) LP 24-96,05 Ain't No Sunshine.flac,Vocal/acoustic,96000,20578
Eva Cassidy – The Best of Eva Cassidy (2013) LP 24-96,06 Wade In The Water.flac,Vocal/acoustic,96000,25757
Eva Cassidy – The Best of Eva Cassidy (2013) LP 24-96,07 Time After Time.flac,Vocal/acoustic,96000,18820
Eva Cassidy – The Best of Eva Cassidy (2013) LP 24-96,08 Autumn Leaves.flac,Vocal/acoustic,96000,20390
Eva Cassidy – The Best of Eva Cassidy (2013) LP 24-96,09 I Can Only Be Me.flac,Vocal/acoustic,96000,22640
Eva Cassidy – The Best of Eva Cassidy (2013) LP 24-96,10 Fields Of Gold.flac,Vocal/acoustic,96000,20695
Eva Cassidy – The Best of Eva Cassidy (2013) LP 24-96,11 True Colours.flac,Vocal/acoustic,96000,28289
Eva Cassidy – The Best of Eva Cassidy (2013) LP 24-96,12 Imagine.flac,Vocal/acoustic,96000,17976
Eva Cassidy – The Best of Eva Cassidy (2013) LP 24-96,13 Over The Rainbow.flac,Vocal/acoustic,96000,18210
Eva Cassidy – The Best of Eva Cassidy (2013) LP 24-96,15 Danny Boy.flac,Vocal/acoustic,96000,19593
Eva Cassidy – The Best of Eva Cassidy (2013) LP 24-96,16 People Get Ready.flac,Vocal/acoustic,96000,25335
Eva Cassidy – The Best of Eva Cassidy (2013) LP 24-96,17 Anniversary Song.flac,Vocal/acoustic,96000,25335
Eva Cassidy – The Best of Eva Cassidy (2013) LP 24-96,18 Early Morning Rain.flac,Vocal/acoustic,96000,19359
Eva Cassidy – The Best of Eva Cassidy (2013) LP 24-96,19 I Know You By Heart.flac,Vocal/acoustic,96000,25335
Eva Cassidy – The Best of Eva Cassidy (2013) LP 24-96,20 Tall Trees In Georgia.flac,Vocal/acoustic,96000,22218
